,Image,Accuracy,F1,Jaccard,Recall,Precision
0,adult-baby-background-bump-41286_0,0.97747802734375,0.982581090570068,0.9657586284892387,0.9881846774672126,0.9770406965828013
1,adult-caucasian-child-daughter-41316_0,0.9830741882324219,0.9888168888418409,0.9778811354051387,0.9828493265993266,0.9948573602130087
2,aircraft-women-fashion-pilot-48797_0,0.986297607421875,0.9914726731460423,0.9830895472499329,0.9909222052445262,0.9920237529691212
3,american-football-football-football-player-quarterback-159819_0,0.976226806640625,0.9630621873444131,0.9287559732034661,0.9752004609401258,0.9512223679280629
4,american-football-referees-american-football-football-referees-decision-making-163454_0,0.9751052856445312,0.9796215338496127,0.9600570438784941,0.9763228163648925,0.9829426177629889
5,baby-boy-child-cuddle-40975_0,0.9958915710449219,0.9975728975816865,0.9951575482896299,0.9983265825297021,0.9968203497615262
6,baby-child-cute-doll-41307_0,0.8997154235839844,0.9050187693519425,0.8265153264922295,0.9943394279090815,0.830422617390036
7,ball-bauble-christmas-decoration-41516_0,0.9915847778320312,0.9938412230448815,0.9877578428053742,0.9933254086512973,0.9943575734213775
8,ballerina-in-the-city-girl-beautiful-cute-161000_0,0.98773193359375,0.9344930134028598,0.877040718791818,0.9421694664640408,0.9269406392694064
9,baseball-player-running-sport-163209_0,0.9960174560546875,0.9933503184713376,0.9867884892814659,0.9928444104914693,0.9938567422890645
10,bass-guitar-musician-instrument-guitarist-159260_0,0.9356002807617188,0.9251876733818433,0.8607899727879937,0.9638603165223172,0.8894986195848529
11,beautiful-cute-dress-eyes-41537_0,0.9926795959472656,0.9949882083171192,0.9900264022285976,0.9920940382381892,0.9978993137408979
12,beautiful-face-female-girl-41533_0,0.9945640563964844,0.99571073820453,0.9914581147909486,0.9959595594655298,0.9954620412388507
13,beautiful-woman-picnic-spring-vintage-val_0,0.9830589294433594,0.9840786138606762,0.9686562634539513,0.9972823717482924,0.9712199160728312
14,beverage-diet-drink-female-41556_0,0.89215087890625,0.8833066420115901,0.7910019663793486,0.7955716484382551,0.9927908034032604
15,black-and-white-silhouette-girl-playful-463193_0,0.9958686828613281,0.9871118991800645,0.9745517776159034,0.9872646337689542,0.9869592118414164
16,black-white-bw-nature-dress-157915_0,0.9913139343261719,0.9908445012726023,0.9818551278986374,0.9930605928719958,0.9886382784103218
17,box-christmas-claus-cute-41940_0,0.9880943298339844,0.9893530284681119,0.9789303845322964,0.9903361516711969,0.9883718552548172
18,boy-child-fun-beach_0,0.9782562255859375,0.9813562204806824,0.9633948984047882,0.9807851982609264,0.9819279079966226
19,boy-child-sad-alone-158305_0,0.9769134521484375,0.975632931778651,0.9524251238110212,0.9724536479653263,0.9788330721129764
20,brunette-cute-fashion-female-41366_0,0.9947662353515625,0.9963624601646968,0.9927512878087439,0.9990270408217518,0.9937120555073721
21,building-joy-planning-plans_0,0.9948883056640625,0.9818801384681956,0.9644052488976252,0.9976094303849642,0.9666391543970819
22,call-calling-cell-cellphone-41515_0,0.9809379577636719,0.9890908773362267,0.9784172040409974,0.9949883823587545,0.9832628718758952
23,child-girl-read-learn-159543_0,0.971435546875,0.967379655848399,0.9368202566677073,0.9627577476024487,0.9720461549236588
24,cold-person-woman-water_0,0.4545860290527344,0.0,0.0,0.0,0.0
25,cute-dive-fun-goggles-41517_0,0.9894905090332031,0.9909089409163656,0.9819816873773708,0.9920448764114729,0.9897756038392574
26,desk-office-workspace-coworking_0,0.909881591796875,0.9211650381760905,0.8538516740491451,0.8622747009027583,0.9886890307237158
27,dirt-bike-motorcycle-exhaust-67557_0,0.9892120361328125,0.9323056300268097,0.8731952291274325,0.9067374400521488,0.9593576038228484
28,dog-dog-advisor-non-fiction-cocktail_0,0.9916839599609375,0.9814215101414694,0.963520749665328,0.9765280510141782,0.9863642592846376
29,dots-dotted-color-cute-41512_0,0.9729537963867188,0.9679519052569724,0.9378941836019622,0.9506685845186724,0.9858752900445655
30,fashion-woman-model-portrait_0,0.9927482604980469,0.995594448216806,0.9912275439430367,0.9942787313225574,0.9969136518692131
31,food-man-person-eating_0,0.9060745239257812,0.9351728495826861,0.8782391106539542,0.8819463067250678,0.9952366008383583
32,football-american-football-game-sport-163294_0,0.9681129455566406,0.9696417222030543,0.9410723853029919,0.9669131760598576,0.9723857113720463
33,football-american-football-quarterback-runner-163439_0,0.9894332885742188,0.990896542658078,0.9819573359387722,0.9926974134752147,0.989102193995381
34,football-american-football-referee-referee-football-official-163039_0,0.993927001953125,0.9962296681539584,0.9924876603214451,0.9945385164624718,0.9979265810412643
35,girl-bicycle-garden-people-630770_0,0.9908294677734375,0.979822396803814,0.9604429598670462,0.9727518165455636,0.986996516622138
36,girl-blonde-wreath-water-160526_0,0.9909553527832031,0.9810038857509115,0.9627160222037017,0.9922367546717233,0.9700224989701176
37,girl-cascada-water-waves-160588_0,0.992340087890625,0.9854549668970113,0.9713269837643329,0.9805541140517788,0.9904050551818526
38,girl-cat-kitten-fashion_0,0.9959983825683594,0.9961256200300643,0.9922811458340999,0.9956880002362739,0.9965636246739138
39,girl-dance-dress-flowers-163508_0,0.9770774841308594,0.9641752070254512,0.9308284698000483,0.9383354994430003,0.991478352563238
40,girl-forest-nature-stroll-160627_0,0.9956130981445312,0.9958566919828791,0.9917475762990391,0.9973731119241955,0.9943448762132255
41,girl-in-leather-jacket-beautiful-hair-model-160974_0,0.9965896606445312,0.9925626435060397,0.9852350988455632,0.9929922098675011,0.9921334486428952
42,girl-model-blonde-slav-157666_0,0.9932098388671875,0.9895886949604604,0.9793919466506125,0.9984302524578942,0.9809023550283508
43,girl-park-woman-greens-157854_0,0.9850273132324219,0.9660140792629601,0.9342623143015056,0.982561826252378,0.950014476216428
44,girl-peasant-woman-tradition-water-158007_0,0.9888496398925781,0.9893178088900096,0.9788614240877074,0.9999926120748249,0.9788685030771567
45,girl-portrait-face-woman-122426_0,0.9859199523925781,0.9914816720939948,0.9831072422378442,0.984883219777902,0.9981691364736826
46,girl-rustic-grass-meadow-89779_0,0.7949790954589844,0.8614837437661885,0.7566723259762309,0.7810068553644278,0.9604510033790773
47,girl-sunset-lake-water-160534_0,0.9924430847167969,0.9917053624141123,0.9835471948839334,0.9921498646961738,0.9912612582448856
48,girl-water-wet-summer-122436_0,0.9986305236816406,0.9881482948730645,0.9765742251223491,0.9791939282910233,0.9972679416272406
49,girl-wild-water-rock-160440_0,0.9887962341308594,0.9741094332636925,0.9495256753969891,0.9896292315959162,0.9590688954850805
50,girl-woman-portrait-young-115015_0,0.9994010925292969,0.9996996163890828,0.999399413184602,0.9995753065636179,0.9998239571373899
51,girl-young-blue-eyes-eyes-39295_0,0.9945640563964844,0.9910268439048656,0.9822132907284438,0.9933600111087266,0.9887046111320518
52,girls-children-kids-friends-50581_0,0.9752197265625,0.9783026934587431,0.9575269379642222,0.9899750559382415,0.9669023709073623
53,girls-women-happy-sexy-53364_0,0.9867057800292969,0.9745548002716102,0.9503723851159877,0.9947236630298695,0.9551875653007772
54,glamour-style-hat-woman-37649_0,0.9816665649414062,0.9848328010401807,0.9701188159440924,0.9819013636907121,0.9877817942403505
55,hammer-throw-athlete-track-and-field-training-37636_0,0.9963760375976562,0.9940008588244209,0.9880732677990786,0.997983819837184,0.9900495634890684
56,hanging-out-trainer-young-79990_fk4fhyJJPf_0,0.9820785522460938,0.9613155034419155,0.9255125176388515,0.9841684650660911,0.9394997746732763
57,hiker-traveler-trip-travel-160483_0,0.9913139343261719,0.9797806686498246,0.9603627754760993,0.9869230769230769,0.9727408974698052
58,james-stewart-man-person-actor-53487_0,0.9970436096191406,0.9980792727507045,0.9961659097430418,0.9976515237845149,0.9985073886740058
59,kickboxer-girl-kickboxing-athletic-girl-160920_0,0.9907989501953125,0.9369675429885539,0.8814100988249176,0.9045360512639387,0.9718111346018323
60,love-old-people-the-heart-of-pension-160936_0,0.9881629943847656,0.9390648626357441,0.8851293821493355,0.9754803965566481,0.9052703316674239
61,man-selling-razors-black-and-white-older-68655_0,0.9914741516113281,0.9934982007325069,0.9870804020971947,0.9962601882158005,0.9907514853323431
62,man-stress-male-face_0,0.9578628540039062,0.9737143944982509,0.9487752622450588,0.9585547090958498,0.9893612905721691
63,maternity-baby-belly-pregnant-pregnancy-160776_0,0.9812698364257812,0.9852807156390148,0.9709884603794544,0.9757564601938058,0.9949927343182369
64,model-fashion-girl-female-39678_0,0.9965553283691406,0.9973832534013359,0.9947801657860966,0.9971145322123658,0.997652119469437
65,motorbike-racing-motorcycle-race-51388_0,0.7413749694824219,0.6603543892871635,0.49293214862681745,0.9893272088624696,0.4955674358800839
66,motorcycle-stunt-jump-motocross-38277_0,0.9437217712402344,0.8138634098335835,0.6861464493894397,0.9734109977666445,0.6992520325203252
67,norway-mountain-sky-blue_0,0.9810638427734375,0.9508670520231214,0.90633608815427,0.9206324868231912,0.9831549215056185
68,nymph-forest-nature-elf_0,0.9752159118652344,0.9712072396264964,0.9440261217175546,0.9507839683462477,0.9925271739130435
69,peasant-farmer-farmer-romania-botiza-47862_0,0.9813423156738281,0.9896552672265923,0.9795223700627183,0.9986553976181329,0.9808159107201999
70,people-man-model-glasses-46503_0,0.9918365478515625,0.9905568793575147,0.9812904353908026,0.9916333147799659,0.9894827783801892
71,people-mother-family-father_0,0.992431640625,0.9923658835027666,0.9848474433879406,0.9989774021366098,0.9858413033340214
72,person-woman-eyes-face_0,0.9878959655761719,0.9925667365560541,0.9852431645575507,0.9970302668053483,0.9881429930779708
73,person-woman-girl_0,0.9949073791503906,0.9856450069355585,0.9716963131002607,0.9817286066188283,0.9895927797210347
74,person-woman-music-musician_0,0.9920005798339844,0.9859948841589249,0.9723766367204996,0.9923507111553249,0.9797199548742451
75,pexels-photo-106684_0,0.9971809387207031,0.9857788896372558,0.9719565877352763,0.9924442033477991,0.9792025079328669
76,pexels-photo-108155_0,0.9760055541992188,0.941777588536942,0.88996186277597,0.9058404558404558,0.9806839649920962
77,pexels-photo-108261_0,0.9977073669433594,0.9934098709387371,0.9869060328111724,0.9897956954004151,0.9970505370663849
78,pexels-photo-10988_0,0.9955329895019531,0.9921501592089826,0.9844225985393692,0.9935955101437989,0.9907090071757524
79,pexels-photo-112362_0,0.7826995849609375,0.8761996661798457,0.779675570304704,0.9958994526016244,0.7821865929938382
80,pexels-photo-116079_0,0.9734687805175781,0.9369555561598636,0.8813888841516448,0.9958379899032718,0.8846476438267061
81,pexels-photo-119972_0,0.9747314453125,0.9665572777300954,0.9352790018271175,0.9703196115599436,0.962824007483479
82,pexels-photo-122084_0,0.9753684997558594,0.9761763327712861,0.9534613859958917,0.9701734443181401,0.9822539687254043
83,pexels-photo-122101_0,0.9842414855957031,0.9653459947821856,0.9330133454409834,0.9634789597950401,0.9672202797202797
84,pexels-photo-123335_0,0.9912376403808594,0.9702024984757482,0.9421293963519097,0.9807238394964595,0.9599045101008804
85,pexels-photo-12628_0,0.9951553344726562,0.9975517789121416,0.9951155161207198,0.9996715889684803,0.9954409399742999
86,pexels-photo-128121_0,0.9832992553710938,0.940152012248469,0.8870630723590868,0.9943612283847089,0.8915478351050039
87,pexels-photo-128202_0,0.9910621643066406,0.9504598794798603,0.9055965187960836,0.9548003398470688,0.9461587034308566
88,pexels-photo-134993_0,0.9202232360839844,0.937837926206874,0.8829518106005485,0.9453433046896536,0.9304507841390984
89,pexels-photo-136409_0,0.9944572448730469,0.9939208327580508,0.9879151314530953,0.9966855464652822,0.9911714147432367
90,pexels-photo-137079_0,0.9926376342773438,0.9439083933968845,0.8937751114535748,0.9638532763532763,0.9247722095671982
91,pexels-photo-138329_0,0.9602088928222656,0.9747662534018748,0.9507746468903224,0.9619281342207538,0.9879516890682541
92,pexels-photo-141376_0,0.8660049438476562,0.5236894204431427,0.3547284885002572,0.3584555411175051,0.9715234453612397
93,pexels-photo-157023_0,0.9547233581542969,0.9310186503623715,0.8709400315337357,0.9006128071063136,0.9635493106849843
94,pexels-photo-167374_0,0.9818840026855469,0.9829853858473091,0.9665400793343244,0.9969839458709129,0.9693744876904379
95,pexels-photo-167635_0,0.9942779541015625,0.9956255468066492,0.9912891986062717,0.9967533984210772,0.9945002446925031
96,pexels-photo-168890_0,0.9952239990234375,0.9745704188162653,0.9504020916689775,0.969059255968009,0.9801446255668587
97,pexels-photo-169523_0,0.9885292053222656,0.959956320828839,0.9229961587708067,0.9284886267034185,0.9936318023928985
98,pexels-photo-173285_0,0.9916496276855469,0.9891820567435471,0.9785956643753239,0.991558673166092,0.9868168058609503
99,pexels-photo-175353_0,0.979339599609375,0.8863378803777544,0.7958768326235254,0.8236601919026445,0.9593403598037434
100,pexels-photo-175708_0,0.9919967651367188,0.9677002186162514,0.9374217025592078,0.9706291114611322,0.9647889485801996
101,pexels-photo-185930_0,0.9983596801757812,0.9922171945701357,0.9845545977011494,0.995930528304629,0.9885314483554529
102,pexels-photo-192454_0,0.9954109191894531,0.9878092033927502,0.9759120579872652,0.9872789515263233,0.9883400251449892
103,pexels-photo-192478_0,0.9990386962890625,0.9742594484167517,0.9498107946624178,0.9845169281585466,0.9642135058633239
104,pexels-photo-193355_0,0.9964179992675781,0.9973763694429465,0.9947664697358154,0.9988527360845282,0.9959043606840945
105,pexels-photo-194087_0,0.9928855895996094,0.9950037103812985,0.9900570983787472,0.9987200447446543,0.991314931165358
106,pexels-photo-194446_0,0.9937210083007812,0.994179426429506,0.9884262189033737,0.9943130375735627,0.9940458511887084
107,pexels-photo-204495_0,0.9977302551269531,0.9704435944563112,0.9425841937662839,0.977582065652522,0.9634086201795049
108,pexels-photo-206271_0,0.9910888671875,0.9787485671658085,0.9583815852767732,0.9740873533246415,0.9834546052872134
109,pexels-photo-206272_0,0.9729881286621094,0.9542609470780878,0.9125230088823552,0.9158493794403184,0.9960355987055016
110,pexels-photo-206273_0,0.9640960693359375,0.9787223460580275,0.9583313042053861,0.9936241703158997,0.964260895905349
111,pexels-photo-206296_0,0.9928398132324219,0.9908521578088066,0.9818701644917948,0.985869596842238,0.9958853380880538
112,pexels-photo-206300_0,0.9188423156738281,0.72208796520058,0.5650529500756429,0.6480877904659179,0.8151654574411609
113,pexels-photo-206302_0,0.9923973083496094,0.980131393992563,0.9610369298742938,0.9962709253779741,0.9645064453469893
114,pexels-photo-206305_0,0.9897575378417969,0.9609028030578813,0.9247477578475336,0.9824618866126728,0.9402695847938217
115,pexels-photo-206331_0,0.8271255493164062,0.5709904008179185,0.3995707244687053,0.4372118646524979,0.8227302487996508
116,pexels-photo-206336_0,0.9216651916503906,0.9399429699495503,0.886690945207747,0.9050791898528848,0.9776002725442124
117,pexels-photo-206342_0,0.974273681640625,0.9505180054588678,0.9057020610196035,0.9772487251440813,0.9252106841879731
118,pexels-photo-206345_0,0.9920425415039062,0.9006950395125202,0.8193313701714879,0.9810225033703205,0.8325266214908035
119,pexels-photo-206354_0,0.9892120361328125,0.9606358397594721,0.9242533815454668,0.9925216440877844,0.9307349966284558
120,pexels-photo-206374_0,0.991851806640625,0.98363569502329,0.9677983477054816,0.98258181038969,0.9846918428076203
121,pexels-photo-206395_0,0.9605216979980469,0.9268906078909258,0.8637428902464714,0.9483628478496566,0.9063691627521415
122,pexels-photo-206396_0,0.7382240295410156,0.846813060725184,0.7343241862049741,0.9659501219704725,0.753837287866142
123,pexels-photo-206487_0,0.9735107421875,0.9771324696537598,0.9552874059097377,0.9773577696381986,0.976907273517443
124,pexels-photo-206514_0,0.961029052734375,0.9512572164702515,0.9070453035858894,0.9962324112567956,0.9101674488249365
125,pexels-photo-206533_0,0.9888992309570312,0.9892401552967277,0.9787093942054433,0.9935235661977689,0.984993520263902
126,pexels-photo-206543_ridJMC97dj_0,0.9968833923339844,0.9449052532200417,0.8955643614981464,0.9509976924121081,0.9388903779147681
127,pexels-photo-206557_0,0.9973602294921875,0.992548082100321,0.9852064048570879,0.9978780070588745,0.9872747916622036
128,pexels-photo-206560_0,0.992706298828125,0.9934267522930733,0.9869393554380644,0.9999723156568803,0.9869663228362593
129,pexels-photo-206585_0,0.9867210388183594,0.9770287124596634,0.9550890864286729,0.9815433571996818,0.9725554081217074
130,pexels-photo-206592_0,0.97027587890625,0.954306088221151,0.9126055698246952,0.9356830726770929,0.9736854701672929
131,pexels-photo-207188_0,0.9951934814453125,0.9522148058252428,0.908788185898364,0.9790984245827484,0.9267680496087406
132,pexels-photo-207688_0,0.95025634765625,0.9630341480561744,0.9287038201411708,0.9938796407360815,0.9340456302618049
133,pexels-photo-207744_0,0.9690628051757812,0.9649421610499196,0.9322591692351384,0.9804284998989802,0.9499374430817155
134,pexels-photo-207789_0,0.9796600341796875,0.9752455941614515,0.9516871443586676,0.9722214508529801,0.9782886096699981
135,pexels-photo-207884_0,0.9489860534667969,0.8690885240766302,0.7684850163599536,0.8579435639737147,0.8805268482335905
136,pexels-photo-208134_0,0.9829559326171875,0.9897185250639715,0.979646316019643,0.9881904236742947,0.9912513597728488
137,pexels-photo-209230_0,0.9773025512695312,0.9762781870953339,0.953655743961616,0.9858130902825305,0.9669259624876604
138,pexels-photo-209840_0,0.9793777465820312,0.9624812614513354,0.9276760271315236,0.9812914821052036,0.9443786176370446
139,pexels-photo-210913_0,0.8127670288085938,0.8456715591945566,0.7326091338479725,0.7704034281654961,0.9372395143641711
140,pexels-photo-211046_0,0.9934883117675781,0.9781218358689103,0.9571804841339521,0.9929738732174456,0.9637075388306604
141,pexels-photo-212951_0,0.9924659729003906,0.9894586271129449,0.9791371770223734,0.9876189359956528,0.9913051848049281
142,pexels-photo-213155_cNJhKCTRzx_0,0.9870376586914062,0.9882872821530995,0.9768457633470751,0.9842973277306308,0.9923097156463715
143,pexels-photo-213496_0,0.9712142944335938,0.8713647676519722,0.7720517158047366,0.9656188605108055,0.79387463502516
144,pexels-photo-214574_0,0.9956703186035156,0.979012185876218,0.9588872387437969,0.9916835243875028,0.9666605806098229
145,pexels-photo-215305_0,0.9705390930175781,0.9688524656280123,0.9395866579054414,0.9936877461199908,0.9452283333202175
146,pexels-photo-215316_RI0FPinnir_0,0.9938888549804688,0.9910550766069594,0.98226875781691,0.9965078937321745,0.9856616095426376
147,pexels-photo-217860_0,0.9627227783203125,0.9533351161369192,0.910831280226298,0.9988092498273913,0.911821395620758
148,pexels-photo-219004_0,0.9908866882324219,0.9929365710585683,0.9859722262998738,0.9950341917821207,0.9908477756731399
149,pexels-photo-219596_0,0.9929542541503906,0.9904427782693512,0.981066508118747,0.9910427669048358,0.9898435156742892
150,pexels-photo-219621_0,0.9579811096191406,0.9648052707422047,0.9320036544563379,0.9411834378545514,0.9896433510969527
151,pexels-photo-220452_0,0.9892616271972656,0.974457621428377,0.9501875707814269,0.9918541505042668,0.9576608228852704
152,pexels-photo-220453_0,0.9932823181152344,0.9936797677197994,0.9874389243553622,0.9972840769103313,0.99010141755711
153,pexels-photo-221212_0,0.9940719604492188,0.9874098679413433,0.9751328170005761,0.995247350111875,0.9796948602112506
154,pexels-photo-225600_0,0.99676513671875,0.9950448186800988,0.990138502866579,0.9947309390845153,0.9953588964227262
155,pexels-photo-225896_0,0.9132461547851562,0.9462023220385493,0.8978975203940073,0.9087831543743099,0.9868352881384367
156,pexels-photo-226273_0,0.9956855773925781,0.9401745569955038,0.8871032142144141,0.9697730248799651,0.9123293296376143
157,pexels-photo-235127_0,0.95941162109375,0.9082584628119127,0.8319354278222686,0.8593408386359929,0.9630814803978935
158,pexels-photo-235444_QuAkTRxqz5_0,0.9960060119628906,0.9964313590489078,0.9928880979228083,0.9958509333696689,0.9970124617179027
159,pexels-photo-235469_0,0.960845947265625,0.9228989513536251,0.856835997433537,0.8666882997784957,0.986906578841674
160,pexels-photo-235474_0,0.9910621643066406,0.9846717477347813,0.9698063119370095,0.9886624889974908,0.9807130942452044
161,pexels-photo-235514_0,0.9954681396484375,0.9915358089429736,0.9832137003334652,0.9901953808717431,0.992879871010088
162,pexels-photo-235574_0,0.9902534484863281,0.9812893162361866,0.9632659516347011,0.9893093926730948,0.9733982275170711
163,pexels-photo-235837_0,0.9987068176269531,0.981672703681678,0.964005096623487,0.9766566265060241,0.9867405716769916
164,pexels-photo-235922_0,0.9961967468261719,0.983254110889027,0.9670598341427958,0.9814901750385622,0.9850243984519603
165,pexels-photo-236220_0,0.9564285278320312,0.9687571802137925,0.9394074427734013,0.9583658050829112,0.979376368825078
166,pexels-photo-237593_0,0.98046875,0.9427113637380835,0.8916310375481522,0.9058770401909554,0.9826681284844526
167,pexels-photo-237738_0,0.9850006103515625,0.9168112385224051,0.846400250009766,0.9823185383325022,0.8594946249355389
168,pexels-photo-239604_0,0.9870452880859375,0.9934080268337565,0.9869023927430925,0.9922562382457297,0.994562492469499
169,pexels-photo-240177_0,0.9959640502929688,0.971916971916972,0.9453681710213777,0.9916585418697866,0.9529460753695607
170,pexels-photo-240513_0,0.9980735778808594,0.9622937355334876,0.9273276730464816,0.9594997022036926,0.965104088662573
171,pexels-photo-245241_nqhmPJpFTU_0,0.99322509765625,0.9765686843632909,0.9542102820605373,0.9693556836039812,0.9838898341131433
172,pexels-photo-247202_0,0.9825401306152344,0.9688136655696599,0.9395136778115502,0.9575330657543841,0.9803632251747866
173,pexels-photo-247204_0,0.9787406921386719,0.9888452770066192,0.9779366644100542,0.9995103969830743,0.978405355091694
174,pexels-photo-247885_0,0.9923820495605469,0.9948977115073596,0.9898472253997306,0.9985127289884506,0.9913087752348464
175,pexels-photo-247917_0,0.9939956665039062,0.995409338816461,0.9908606333685592,0.9966068831798351,0.9942146689893441
176,pexels-photo-248023_0,0.9927177429199219,0.9654398319966689,0.9331886746228958,0.9847472024227204,0.946875
177,pexels-photo-249100_0,0.9946975708007812,0.9854572086210504,0.9713313395895637,0.9931254085742603,0.9779065179924832
178,pexels-photo-249613_0,0.9875984191894531,0.9883731326736073,0.9770135260303611,0.9960785444479686,0.9807860200018454
179,pexels-photo-249757_0,0.9972114562988281,0.9982772801293336,0.9965604855785065,0.9985761500417254,0.9979785890645909
180,pexels-photo-255311_0,0.5314445495605469,0.6725913289173807,0.5066949942166816,0.5067214504034476,0.9998969693127061
181,pexels-photo-257283_0,0.9742393493652344,0.9791282255746461,0.9591099000908265,0.9905074570865773,0.968007480199472
182,pexels-photo-257357_0,0.9957542419433594,0.9951304454351755,0.9903080861735662,0.993865084289547,0.9963990327328801
183,pexels-photo-258641_0,0.9868621826171875,0.989093396501273,0.9784221342288607,0.9979678173847472,0.9803754159080922
184,pexels-photo-259806_0,0.9847068786621094,0.9750216512252414,0.9512607289615095,0.9662142971808202,0.9839910460524661
185,pexels-photo-260175_0,0.9916801452636719,0.993883268875346,0.9878409116250028,0.9988556546444637,0.9889601437748717
186,pexels-photo-26138_0,0.9956436157226562,0.9934742111338415,0.9870330418984898,0.988346048457699,0.9986558676546614
187,pexels-photo-262172_0,0.9918060302734375,0.9928249323579517,0.9857520944023243,0.9979451640846915,0.9877569739387051
188,pexels-photo-262214_0,0.989990234375,0.9920847988320253,0.9842939144904201,0.9850427094439985,0.9992283012906206
189,pexels-photo-264165_0,0.9806022644042969,0.9865373261567708,0.9734323242667112,0.9769594194235136,0.9963048918739706
190,pexels-photo-264216_0,0.9775047302246094,0.9881321582888734,0.9765427040530166,0.9817562325540474,0.9945914411074784
191,pexels-photo-265720_hIUI3020WU_0,0.9909782409667969,0.9854189658255086,0.9712570338231183,0.9796268601828925,0.9912799712226646
192,pexels-photo-265819_0,0.9549522399902344,0.9490501645978677,0.9030404046209553,0.9793679486380353,0.9205530817904851
193,pexels-photo-267447_0,0.8629188537597656,0.9264159327371798,0.8629188537597656,0.8629188537597656,1.0
194,pexels-photo-267751_nvo8tdciLn_0,0.9966659545898438,0.9946575057764954,0.9893717926891553,0.9956678170203392,0.9936492427943332
195,pexels-photo-267778_0,0.9938583374023438,0.9921982516330368,0.9845172954311596,0.9879279731346741,0.9965056066033328
196,pexels-photo-268004_0,0.9948310852050781,0.9856827379254234,0.9717696570690445,0.9841748781465617,0.9871952251947173
197,pexels-photo-268791_0,0.9944496154785156,0.9840773044134866,0.9686537260055583,0.9884365107281041,0.9797563792464753
198,pexels-photo-269393_0,0.995452880859375,0.9929850166547004,0.9860677676870391,0.9919342512139775,0.9940380106278941
199,pexels-photo-270789_0,0.9920616149902344,0.9909306835763003,0.9820243936148159,0.992760836913619,0.9891072655930537
200,pexels-photo-270856_0,0.9818572998046875,0.9879280761069316,0.9761441383599847,0.9907849586086814,0.9850876216123187
201,pexels-photo-270968_0,0.9710769653320312,0.9599991558777289,0.9230753622012093,0.9377267480211082,0.9833553100884114
202,pexels-photo-271821_0,0.9840888977050781,0.991980650507482,0.9840888977050781,0.9840888977050781,1.0
203,pexels-photo-274078_0,0.9676094055175781,0.9517164514349726,0.9078807472823139,0.9957638715358346,0.9114008146550785
204,pexels-photo-274643_0,0.992401123046875,0.995018904158915,0.9900871849994028,0.993791301828644,0.996249543085189
205,pexels-photo-275583_0,0.9893836975097656,0.9848168253362065,0.970087812637711,0.991159772020953,0.9785545460459266
206,pexels-photo-276080_0,0.9945259094238281,0.9941225860621327,0.988313856427379,0.997607911155683,0.9906615294194475
207,pexels-photo-277062_0,0.8918876647949219,0.8872587824855498,0.7973630962169582,0.9486300495921197,0.8333457876881231
208,pexels-photo-284006_0,0.9918136596679688,0.9913186999894821,0.9827868326488707,0.9952077715325384,0.9874599055463322
209,pexels-photo-285977_0,0.9975662231445312,0.994778794376156,0.9896118275367982,0.9951045401706043,0.9944532617765924
210,pexels-photo-300849_0,0.9578323364257812,0.6599606250769042,0.4924934576006611,0.9876622778749655,0.49554210745137894
211,pexels-photo-300968_0,0.9970779418945312,0.9970410086838284,0.9940994769640807,0.9974802711413754,0.9966021329338265
212,pexels-photo-301279_0,0.995361328125,0.9941183868128041,0.9883055558226984,0.9944454658938058,0.9937915228176042
213,pexels-photo-301342_0,0.9915847778320312,0.979139085372773,0.9591307408711117,0.9852322682550859,0.9731208059998873
214,pexels-photo-302053_0,0.9914665222167969,0.9771862730100453,0.9553902604395166,0.9885278035695862,0.9661020367009477
215,pexels-photo-304648_0,0.9961585998535156,0.9924092235095469,0.9849328186252506,0.998240905024036,0.9866452831319884
216,pexels-photo-305832_0,0.9940757751464844,0.692414339473163,0.5295365040896698,0.5393397099660598,0.9668141592920354
217,pexels-photo-306980_0,0.9902000427246094,0.9798036178960857,0.9604068736996224,0.995606397085843,0.9644946602693082
218,pexels-photo-310386_0,0.9989891052246094,0.8515406162464986,0.7414634146341463,0.9921671018276762,0.745829244357213
219,pexels-photo-310825_0,0.9937667846679688,0.9637597586941093,0.9300543641111254,0.9981623558597877,0.9316495862098538
220,pexels-photo-313690_0,0.9093017578125,0.9086016545191745,0.8325114824311759,0.9872933392369321,0.8415281090896144
221,pexels-photo-314373_0,0.9981231689453125,0.9918526859640988,0.9838370565045992,0.9935637980226926,0.9901474575150433
222,pexels-photo-318209_0,0.9972953796386719,0.9961010322091035,0.9922323502344538,0.9960298257962343,0.9961722488038277
223,pexels-photo-318236_0,0.9525032043457031,0.942886107071921,0.8919437284664185,0.9487570042556334,0.9370874211313323
224,pexels-photo-318377_0,0.9760246276855469,0.977614252793321,0.9562088042251362,0.9937365135914035,0.9620067714868531
225,pexels-photo-319961_0,0.9931755065917969,0.9885545752909338,0.9773681813581622,0.9818646264900999,0.995336313626467
226,pexels-photo-321576_0,0.9952735900878906,0.9923706426763712,0.9848568180984857,0.9934044258152006,0.991339008907042
227,pexels-photo-322484_0,0.9321327209472656,0.8842613373927412,0.7925344590339809,0.7938953590243788,0.9978417266187051
228,pexels-photo-325523_0,0.995391845703125,0.9904770914136157,0.9811338435108543,0.9930134041476986,0.9879537019563439
229,pexels-photo-325686_nlDONZXWsV_0,0.9854316711425781,0.9891789427155498,0.9785895689321694,0.985974524811478,0.9924042572546166
230,pexels-photo-326603_0,0.9898262023925781,0.9895335010380161,0.9792838278701258,0.9899958381430265,0.9890715955627383
231,pexels-photo-327253_0,0.9965591430664062,0.9919859265050822,0.9840992825286019,0.9951867367858098,0.9888056396903838
232,pexels-photo-327538_0,0.9579429626464844,0.9785197842041994,0.9579429626464844,0.9999522161740287,0.9579868158027254
233,pexels-photo-333994_12TQ3nQsnH_0,0.9985618591308594,0.9707865168539326,0.9432314410480349,0.9966587112171837,0.9462235649546827
234,pexels-photo-339800_0,0.9863128662109375,0.9866311953678657,0.9736151249751814,0.9923697879580563,0.9809585904911499
235,pexels-photo-341004_8AgutZKy5e_0,0.9964714050292969,0.9905563099163851,0.981289317717499,0.9873407416452965,0.9937928915292431
236,pexels-photo-341392_0,0.9911041259765625,0.9834501944531183,0.967439262775761,0.9918547890690983,0.9751868376236787
237,pexels-photo-346692_0,0.9818954467773438,0.9724201252891063,0.9463207184382564,0.9995699130268565,0.946706193849148
238,pexels-photo-346693_0,0.9966011047363281,0.9890231733008094,0.9782847115595525,0.9894742031700643,0.9885725544281352
239,pexels-photo-346736_0,0.9920501708984375,0.992016855008619,0.9841601617426863,0.9906658607683068,0.9933715390457778
240,pexels-photo-346750_0,0.9488601684570312,0.9011138157409456,0.8200247019654172,0.9077830784549764,0.8945418332527862
241,pexels-photo-346808_0,0.9898948669433594,0.9806953746146727,0.9621219704010867,0.9946340670224246,0.9671419536595182
242,pexels-photo-346842_0,0.9668998718261719,0.9264567529770734,0.8629896890938087,0.9491837443556791,0.9047926496150981
243,pexels-photo-347024_0,0.967529296875,0.9589074161686187,0.9210587329704063,0.9247120604091209,0.9957289379492886
244,pexels-photo-351699_0,0.9944534301757812,0.9423656254954812,0.8910126677160632,0.9599450860050068,0.9254184507590502
245,pexels-photo-354946_0,0.9911079406738281,0.98044774742281,0.9616454134101193,0.9855150666913984,0.9754322718472528
246,pexels-photo-354957_0,0.9875946044921875,0.9801166587182215,0.9610085968130643,0.9713859802210587,0.9890057007477604
247,pexels-photo-354972_0,0.9889793395996094,0.9901296571516425,0.9804522572263722,0.9911896081154107,0.9890719707311746
248,pexels-photo-355005_0,0.9953804016113281,0.9911753346595836,0.9825050563420976,0.9891642668062949,0.9931945965680905
249,pexels-photo-355036_0,1.0,1.0,1.0,1.0,1.0
250,pexels-photo-356170_D2OYiQ5pj5_0,0.9951438903808594,0.9901451519256823,0.9804826444253649,0.9880111854403881,0.9922883565044687
251,pexels-photo-356176_0,0.9893798828125,0.965126766209039,0.932603853975017,0.94641935880113,0.9845886472257009
252,pexels-photo-356842_0,0.9954185485839844,0.9904656055253444,0.9811113033357973,0.9909297412355249,0.990001904399162
253,pexels-photo-357275_0,0.7545089721679688,0.767105044115199,0.6221982176613556,0.994193409191111,0.6244675021653439
254,pexels-photo-364362_0,0.9580001831054688,0.9565406173521751,0.9167013429165879,0.9349800526271115,0.9791190231840258
255,pexels-photo-371163_0,0.987579345703125,0.9884080260890618,0.9770817202787359,0.9952679352424108,0.9816420338024185
256,pexels-photo-371218_0,0.951629638671875,0.9579263113187513,0.9192500700512011,0.9937694918521476,0.9245786975653811
257,pexels-photo-371248_0,0.9890327453613281,0.9870576530910825,0.9744460344689664,0.9840939284047251,0.9900392829728631
258,pexels-photo-372021_0,0.9903030395507812,0.9866247132363775,0.9736025005971111,0.9829010546621098,0.9903766927936112
259,pexels-photo-373899_0,0.9918594360351562,0.9875871054805198,0.975478592604509,0.9847345953971789,0.9904561894761404
260,pexels-photo-374632_0,0.99359130859375,0.9779724130697017,0.9568943398162878,0.9955154556617373,0.9610369530484977
261,pexels-photo-374810_0,0.9940032958984375,0.9951553553047627,0.9903574254571329,0.9963651847646319,0.9939484603356358
262,pexels-photo-374849_0,0.9011726379394531,0.8548359080390212,0.7464746004873418,0.9070909588194024,0.8082734651492995
263,pexels-photo-374882_0,0.9940643310546875,0.9845346479545183,0.9695403648892021,0.9924456467287847,0.9767487723588459
264,pexels-photo-374912_0,0.9956321716308594,0.990150283448175,0.9804927081913589,0.9978500216731686,0.982568462746705
265,pexels-photo-375382_0,0.9921035766601562,0.9874609289816093,0.9752324204027424,0.9936969667414415,0.9813026727666747
266,pexels-photo-375880_0,0.9923439025878906,0.9935613849919638,0.9872051510901441,0.9984589791865474,0.9887116031694345
267,pexels-photo-377945_0,0.9898147583007812,0.9900482306723222,0.9802925849928403,0.9840331340253543,0.9961373165225348
268,pexels-photo-378153_0,0.9810256958007812,0.9670774811029772,0.9362536525349875,0.9707527739020663,0.9634299128278845
269,pexels-photo-384273_0,0.9949417114257812,0.9896364147935098,0.9794854340393273,0.9856920442160984,0.9936124799899557
270,pexels-photo-386133_0,0.9803695678710938,0.9873817498810755,0.9750779721431201,0.9926636624495874,0.9821557493804757
271,pexels-photo-386140_0,0.9935531616210938,0.9757344283950263,0.9526185936974318,0.9850123206261777,0.9666296833660494
272,pexels-photo-388517_0,0.992645263671875,0.9949100278786855,0.9898716089852697,0.9924001032279811,0.9974326806519404
273,pexels-photo-388622_0,0.9738388061523438,0.9535057151767434,0.9111427831044312,0.9915819455999098,0.9182455636368385
274,pexels-photo-395196_0,0.9976272583007812,0.9246608527131783,0.8598783509799505,0.9537731134432783,0.8972731546779502
275,pexels-photo-406197_0,0.9826850891113281,0.9763397813814565,0.953773296669722,0.9890377974210309,0.963963685770751
276,pexels-photo-411468_0,0.9188385009765625,0.9089087546239211,0.8330272637378161,0.9819150609152552,0.8460073166649398
277,pexels-photo-412840_0,0.9918975830078125,0.9944055207290733,0.9888732896087841,0.9965316088161541,0.9922884852945042
278,pexels-photo-413744_0,0.9974441528320312,0.9531665035649378,0.9105235042735043,0.9724718299814578,0.9346127484578478
279,pexels-photo-413948_0,0.749603271484375,0.7881117933024734,0.6503172396157965,0.6507401741021691,0.9990015958099758
280,pexels-photo-413979_0,0.9783859252929688,0.9877486594014877,0.975793876269369,0.9824168261683047,0.9931386829575842
281,pexels-photo-414012_0,0.9916496276855469,0.9655823021650602,0.9334549323605411,0.987902966347082,0.9442479781051077
282,pexels-photo-414029_0,0.9370231628417969,0.9241882229763551,0.8590612621226609,0.8950748512315095,0.9552591608126068
283,pexels-photo-414192_0,0.9835700988769531,0.9843202213444492,0.9691245627114756,0.9839942353043934,0.98464642344698
284,pexels-photo-415188_0,0.9887351989746094,0.9679262292411127,0.9378459725116289,0.9708259799115411,0.9650437494585463
285,pexels-photo-415274_0,0.9926948547363281,0.981326728618373,0.9633380556725505,0.9886437314576497,0.9741172371070156
286,pexels-photo-415556_0,0.9972114562988281,0.9969849080417577,0.9939879429882638,0.9951993148936521,0.9987769201527197
287,pexels-photo-416747_0,0.9828224182128906,0.9592071530162066,0.9216119766733397,0.9450384677174631,0.9738071588860685
288,pexels-photo-42157_0,0.9956779479980469,0.9058891934546057,0.8279684178560583,0.9254921928038018,0.8870993980803644
289,pexels-photo-423366_0,0.9718132019042969,0.9526087932527338,0.9095061970313035,0.9900545267901185,0.9178923689219588
290,pexels-photo-424706_0,0.9804115295410156,0.9900146425980986,0.9802267283803245,0.9952263664086324,0.9848572191292707
291,pexels-photo-428333_0,0.987762451171875,0.9901024311983216,0.9803988659693029,0.9928163497651856,0.9874033094773635
292,pexels-photo-432498_0,0.967681884765625,0.9826460298081886,0.9658841058269239,0.9673487824354517,0.9984348593454715
293,pexels-photo-432689_0,0.9259910583496094,0.9400883805241688,0.886949782651765,0.8968688868462608,0.9876842016468649
294,pexels-photo-439851_0,0.9786720275878906,0.9542002867089904,0.9124120752588787,0.9509984814591055,0.9574237243556023
295,pexels-photo-442544_0,0.9463768005371094,0.9509937561227301,0.9065663447414074,0.995133482660752,0.9106034102896209
296,pexels-photo-450276_0,0.9455909729003906,0.9387251848383175,0.8845260166616741,0.9983825424239932,0.8857953624128425
297,pexels-photo-45720_0,0.9409980773925781,0.9193599683008087,0.8507550537945675,0.9826579287593064,0.8637231947805132
298,pexels-photo-458508_0,0.9945793151855469,0.9938484582184339,0.9877721366491696,0.9897565896686412,0.9979743005685868
299,pexels-photo-458713_0,0.9565391540527344,0.9665394973729114,0.935245705971286,0.9804154055149074,0.9530508818163389
300,pexels-photo-458771_0,0.9937591552734375,0.974501246882793,0.9502705331631102,0.9641623488773747,0.9850642803125788
301,pexels-photo-460273_0,0.9975242614746094,0.9820822174981365,0.9647952264713859,0.9710105366599334,0.9934092940125112
302,pexels-photo-460550_0,0.9944572448730469,0.9935014692136017,0.9870868548981968,0.9910237878544533,0.995991570640721
303,pexels-photo-462475_0,0.9143791198730469,0.8995978546282504,0.8175173580058213,0.9152914190007191,0.8844333814164586
304,pexels-photo-462620_0,0.9966773986816406,0.9894422962702578,0.9791051937147655,0.9851077695445439,0.9938151358722119
305,pexels-photo-47296_0,0.9901466369628906,0.991660613104751,0.9834591666186387,0.9961471103327496,0.9872143477003182
306,pexels-photo-530024_0,0.9497222900390625,0.8861909367228515,0.7956399044872391,0.852604469552214,0.9225320460960394
307,pexels-photo-531474_0,0.9961891174316406,0.8938024875093016,0.8079953872765712,0.9219298245614035,0.8673406230658139
308,pexels-photo-532290_0,0.5024681091308594,0.6671668414726575,0.5005629078209723,0.9987851281345986,0.5008678659693085
309,pexels-photo-532301_0,0.9916610717773438,0.9914306770784334,0.9830069728935565,0.9955910719206393,0.9873049086125186
310,pexels-photo-532400_0,0.9751205444335938,0.9660563541547398,0.9343414005557121,0.973545084546637,0.9586819543435595
311,pexels-photo-534256_0,0.9849700927734375,0.9862435931455386,0.9728605279109495,0.9955030520038908,0.9771547966624694
312,pexels-photo-546162_0,0.9899826049804688,0.9897080955665642,0.9796258796328624,0.9936804495301654,0.9857673750448918
313,pexels-photo-547116_0,0.9970016479492188,0.9801585298126925,0.961089108910891,0.9884425436586732,0.9720122164922645
314,pexels-photo-551576_0,0.9970169067382812,0.9789784946236558,0.9588226001790322,0.9918296203496922,0.9664561329016507
315,pexels-photo-551594_0,0.9937324523925781,0.9490179042417848,0.9029819899616179,0.9426123405042224,0.9555111222194451
316,pexels-photo-551657_0,0.9534492492675781,0.935365123755952,0.8785783226037552,0.896399094443824,0.9778727739877735
317,pexels-photo-551855_0,0.9947433471679688,0.9715253957102119,0.9446275014064133,0.9632057690731787,0.9799899949974987
318,pexels-photo-55529_0,0.9971580505371094,0.971334025934049,0.9442657290341887,0.9669807707040528,0.9757266542980829
319,pexels-photo-561652_0,0.9901580810546875,0.9830881774561473,0.9667388613861386,0.9797102206660483,0.9864895086496086
320,pexels-photo-562624_0,0.9975624084472656,0.9946512426025598,0.9893593991973757,0.9929473895313858,0.9963609531954856
321,pexels-photo-570093_0,0.9967880249023438,0.9932964985749089,0.9866822725547261,0.9978725105974566,0.9887622640313198
322,pexels-photo-573238_0,0.9981536865234375,0.9889522939968044,0.9781460242922292,0.9875997264645544,0.9903085714285714
323,pexels-photo-573253_0,0.9951057434082031,0.9903341243831695,0.9808533182109865,0.9950644946405862,0.9856485161135522
324,pexels-photo-573565_0,0.9895477294921875,0.9698330911172766,0.9414329685362517,0.9958397395315185,0.9451502145922747
325,pexels-photo-582429_0,0.987640380859375,0.9824821306919559,0.9655674463585449,0.9808487439410133,0.9841209666063712
326,pexels-photo-582431_0,0.9949913024902344,0.9893233804145424,0.9788723328935088,0.9871160368020511,0.9915406180727605
327,pexels-photo-584306_0,0.99395751953125,0.9955792470207362,0.9911974081257259,0.9937986137422273,0.9973662726327208
328,pexels-photo-58571_MX1VrmUxeW_0,0.9974250793457031,0.9770681161882113,0.9551643972102292,0.9606520141626027,0.9940550255772156
329,pexels-photo-58572_0,0.9878273010253906,0.9648052764511894,0.9320036651111253,0.9730150608440301,0.9567328725172806
330,pexels-photo-586336_0,0.9965705871582031,0.9969954313176989,0.9940088634167472,0.9963660654642619,0.9976255927657497
331,pexels-photo-590140_0,0.987945556640625,0.9690590423969451,0.9399753062968943,0.9929768235176081,0.9462663734582656
332,pexels-photo-590513_0,0.9838027954101562,0.9789464289256034,0.958761084294053,0.9811843988549618,0.976718644872759
333,pexels-photo-590617_0,0.9166755676269531,0.9561219016855794,0.9159325243334988,0.9894232688086211,0.924989214211588
334,pexels-photo-590798_0,0.9817008972167969,0.9839689069648532,0.9684436959753707,0.9880401881891825,0.9799310399914798
335,pexels-photo-593349_0,0.9926872253417969,0.9910531351363966,0.9822649434272974,0.9880511455638482,0.9940734221539786
336,pexels-photo-593578_0,0.9615097045898438,0.9748064918851436,0.9508512141065296,0.9594174833629867,0.9906972259158132
337,pexels-photo-594685_0,0.9963645935058594,0.9912854229724664,0.9827214214486447,0.9899908675799087,0.9925833684326185
338,pexels-photo-596146_0,0.9794273376464844,0.8621526979014902,0.7577050947973762,0.7906333505227134,0.9478979316546763
339,pexels-photo-601319_0,0.9941825866699219,0.9881251800689909,0.9765290731677286,0.9814837731646197,0.994857080138608
340,pexels-photo-60682_0,0.9930152893066406,0.9953204268097885,0.9906844464342951,0.9982979072461985,0.9923606545680635
341,pexels-photo-612872_0,0.9937095642089844,0.98878513571414,0.9778190280187778,0.9814627296906855,0.9962176236809648
342,pexels-photo-614510_0,0.9988822937011719,0.9850349864650901,0.970511272141707,0.9843813801551654,0.9856894613104364
343,pexels-photo-615491_0,0.9853897094726562,0.9900128294723227,0.9802231734835615,0.9843810768345235,0.9957093926535151
344,pexels-photo-620331_0,0.9933547973632812,0.9839230669841446,0.9683548902775759,0.9834329569773449,0.9844136657433056
345,pexels-photo-620334_0,0.9863357543945312,0.9680395445947393,0.9380587594459527,0.9703599026903262,0.9657302570675782
346,pexels-photo-62376_0,0.996673583984375,0.9376697641172266,0.8826537478132149,0.981739260589732,0.8973867834177042
347,pexels-photo-62377_0,0.9937896728515625,0.4173228346456693,0.263681592039801,0.26380090497737557,0.9982876712328768
348,pexels-photo-625393_0,0.9936981201171875,0.9954592431338918,0.9909595368130726,0.9925727785482111,0.9983625447267875
349,pexels-photo-627935_0,0.9566154479980469,0.9577897616140323,0.9189986111605712,0.9665680362560396,0.9491694987568228
350,pexels-photo-631037_0,0.9841384887695312,0.7747562296858072,0.6323282341497922,0.8162310238557242,0.7372925043818951
351,pexels-photo-631214_0,0.9960784912109375,0.9958589797299474,0.9917521141224988,0.9922695929294469,0.9994744289468365
352,pexels-photo-631546_0,0.9951705932617188,0.9967002549092179,0.9934222148327497,0.9939748075213533,0.9994406895722582
353,pexels-photo-633277_0,0.99798583984375,0.9866895230412424,0.9737287292267888,0.9832194533762058,0.9901841732442825
354,pexels-photo-634509_0,0.7311439514160156,0.7256911334861618,0.5694782109391225,0.9988214748706301,0.5698611212988093
355,pexels-photo-63775_0,0.9656867980957031,0.9351220743625808,0.8781495529666757,0.9349130346995875,0.9353312075259353
356,pexels-photo-64609_0,0.9629287719726562,0.8904940052285225,0.8026040502935142,0.9033814216145774,0.8779691145428286
357,pexels-photo-667247_0,0.9849090576171875,0.9853470627453885,0.9711173412767946,0.9815949109264535,0.989128009875515
358,pexels-photo-668927_0,0.9576225280761719,0.9770867666744356,0.9552000451669362,0.996034532785541,0.958846437217135
359,pexels-photo-669276_0,0.9979972839355469,0.9561586638830898,0.916,0.9503652058432935,0.9620231893799361
360,pexels-photo-669277_0,0.9903755187988281,0.9755203027215834,0.9522104784634617,0.9848754971298709,0.9663411633539656
361,pexels-photo-671613_0,0.9863624572753906,0.9878864066846704,0.9760627791280826,0.9821391275054742,0.9937013456216172
362,pexels-photo-671804_0,0.9909744262695312,0.98731353687439,0.9749449339207048,0.9948671399703916,0.9798737720446588
363,pexels-photo-673058_0,0.9213180541992188,0.4989311048488971,0.33238388088687487,0.654118096694057,0.40325937561358727
364,pexels-photo-675927_0,0.9790153503417969,0.9661741285272433,0.9345617624666921,0.9415282471656959,0.9921449769527056
365,pexels-photo-679350_0,0.9952354431152344,0.9783404144628458,0.9575992124113114,0.996045197740113,0.9612540466859771
366,pexels-photo-682013_0,0.9725761413574219,0.982329271859814,0.9652722090720255,0.9675765191243336,0.9975388639835459
367,pexels-photo-682020_0,0.8916702270507812,0.870644182677854,0.7709210590000484,0.9820984482581441,0.7819086267836104
368,pexels-photo-68441_0,0.8709640502929688,0.812079865779269,0.6836148680247676,0.7668933098295979,0.8629247443859359
369,pexels-photo-688675_0,0.9867591857910156,0.9853781831202477,0.9711777991829142,0.9792933098886377,0.9915391462846
370,pexels-photo-690729_0,0.9774932861328125,0.9429973720822383,0.8921428832583818,0.9144602469691008,0.9733729580948202
371,pexels-photo-690737_0,0.9958419799804688,0.3109987357774968,0.18413173652694612,0.18468468468468469,0.984
372,pexels-photo-690903_0,0.9969024658203125,0.9972264159966115,0.9944681749746231,0.9968586744972172,0.9975944289160579
373,pexels-photo-691034_0,0.9990005493164062,0.8648090815273477,0.7618181818181818,0.8657024793388429,0.8639175257731959
374,pexels-photo-691232_SHDJullPaf_0,0.9935226440429688,0.9898046185438257,0.9798150305508666,0.989270025684726,0.9903397894939203
375,pexels-photo-691399_0,0.9663543701171875,0.8943484823075633,0.8088882147732444,0.9579911722438924,0.8386350361683964
376,pexels-photo-691861_0,0.9896163940429688,0.98185018736581,0.9643474616230943,0.9782236099116455,0.9855037545677228
377,pexels-photo-694742_0,0.9849433898925781,0.9701647101509528,0.9420581327069877,0.9945601636600335,0.9469373902521802
378,pexels-photo-69494_0,0.9948844909667969,0.9942649417299263,0.9885952901354788,0.9982052537118616,0.9903556153833046
379,pexels-photo-698848_0,0.9954490661621094,0.9686226032981773,0.9391543836384965,0.9672234478411598,0.9700258125691408
380,pexels-photo-700535_0,0.9889259338378906,0.9870981791677592,0.9745250318108025,0.9925637267169568,0.9816924940109438
381,pexels-photo-700700_0,0.9779891967773438,0.9622796924847027,0.9273015913013897,0.9943257812183358,0.9322347338155011
382,pexels-photo-700701_0,0.992767333984375,0.986062922669803,0.9725089896763717,0.9975608305074662,0.9748270449392478
383,pexels-photo-700703_uH8OCGIi1J_0,0.9865913391113281,0.9899538994018069,0.9801076394587467,0.9924414773215667,0.9874787606481851
384,pexels-photo-701747_0,0.9700088500976562,0.9265617994320728,0.8631720009049931,0.8681276364845706,0.9934301452178267
385,pexels-photo-703836_0,0.9951248168945312,0.9953509352695948,0.9907448981069769,0.9964601512083557,0.9942441860465117
386,pexels-photo-704955_0,0.9698905944824219,0.9800255595905404,0.960833449117723,0.9836024768997099,0.9764745632791383
387,pexels-photo-705121_0,0.9915657043457031,0.9541961011787616,0.9124044213779169,0.9434657927079066,0.9651732953354847
388,pexels-photo-709575_0,0.9975433349609375,0.9946731074642668,0.9894026657890407,0.9920636230138433,0.9972963558858167
389,pexels-photo-709807_0,0.9972724914550781,0.9956684255484138,0.9913742143296619,0.9947584403636408,0.9965800771301754
390,pexels-photo-712940_0,0.87481689453125,0.6581524230176257,0.490482253206223,0.9633740965508829,0.49980223083616804
391,pexels-photo-713133_0,0.719818115234375,0.7563881444529945,0.6082188273448835,0.645468800416636,0.9133391539773956
392,pexels-photo-713955_0,0.9970054626464844,0.9894490665448045,0.9791184529034661,0.9833035022573665,0.9956719324821467
393,pexels-photo-714025_0,0.9951858520507812,0.938064389477817,0.8833533598299288,0.9545545345585298,0.9221343110768043
394,pexels-photo-714031_0,0.9930305480957031,0.9384496176262508,0.8840368137099334,0.9151718246928182,0.9629424778761062
395,pexels-photo-714037_0,0.995361328125,0.8714859437751005,0.7722419928825622,0.8722233975037021,0.8707497360084477
396,pexels-photo-714063_0,0.9961891174316406,0.9874201956858447,0.9751529622444411,0.9807634580748449,0.9941679133808352
397,pexels-photo-714155_0,0.974945068359375,0.9815715784807214,0.9638100800608308,0.9646871311809929,0.9990575952114413
398,pexels-photo-716543_0,0.9887123107910156,0.9734454505478726,0.9482647084535362,0.9556330831307045,0.9919344514146716
399,pexels-photo-716966_0,0.9791107177734375,0.9657403120659668,0.9337503175774586,0.9363558057432637,0.997028846029634
400,pexels-photo-720276_0,0.9783248901367188,0.9841327465260711,0.9687611675252489,0.9719674111501525,0.99660646920088
401,pexels-photo-722231_0,0.9920387268066406,0.9896545399566751,0.9795209451569538,0.9931549099592081,0.986178757372482
402,pexels-photo-722904_0,0.9861793518066406,0.9761846853657092,0.9534773229236222,0.9929261052124843,0.9599984485500407
403,pexels-photo-725458_0,0.9952545166015625,0.9904269400067719,0.9810354289895725,0.9896349152646634,0.9912202335109824
404,pexels-photo-730055_0,0.9963607788085938,0.9972582109970456,0.994531415698391,0.9976481547502674,0.9968685719538962
405,pexels-photo-730837_0,0.9965438842773438,0.9877765785213168,0.9758483725641778,0.9988812486356691,0.97691609735269
406,pexels-photo-731794_sNHLIf9pHk_0,0.9500579833984375,0.9726417854306849,0.9467406515442445,0.9978433028765966,0.9486818880369161
407,pexels-photo-732629_0,0.9949531555175781,0.981031986121665,0.9627701485817199,0.9958376993829317,0.9666600740259373
408,pexels-photo-732843_0,0.9920158386230469,0.991550296526861,0.9832421915658502,0.9841089216024105,0.9991050653302309
409,pexels-photo-733697_0,0.9852447509765625,0.9593723084679537,0.9219169509659446,0.9348057477381586,0.9852649292371418
410,pexels-photo-736509_0,0.9662895202636719,0.7110486217833436,0.5516489091831558,0.9753318980983136,0.559454592230512
411,pexels-photo-743861_0,0.9928932189941406,0.9941029187861447,0.9882749809617914,0.9910380692719378,0.9971867835982499
412,pexels-photo-743937_7TZxmJGKVc_0,0.9886360168457031,0.9859335823326927,0.9722574036133358,0.9778212777116954,0.9941816173389708
413,pexels-photo-745136_0,0.9846992492675781,0.974154095973297,0.9496105527638191,0.9806564608199273,0.9677373926180082
414,pexels-photo-746801_0,0.981109619140625,0.986964304517216,0.974264094461999,0.9786227741844549,0.9954492595090298
415,pexels-photo-747007_0,0.9854774475097656,0.9849961574083197,0.970435890068416,0.9789197446241824,0.9911484771573604
416,pexels-photo-749074_0,0.983673095703125,0.9631542699724518,0.9289272666888077,0.9319916030788711,0.9964729773059247
417,pexels-photo-751160_0,0.9947242736816406,0.9972401214107111,0.9944954347531901,0.9949666901607553,0.9995239657255323
418,pexels-photo-751245_0,0.9938087463378906,0.9635927230310236,0.9297433011557941,0.9718991809584144,0.9554270462633452
419,pexels-photo-752398_0,0.9561805725097656,0.8576632838927921,0.7507972665148064,0.9638500529159472,0.7725517333750028
420,pexels-photo-753603_0,0.9923973083496094,0.9267898468207031,0.8635679079956189,0.977831175877839,0.8808127356514454
421,pexels-photo-755401_0,0.996826171875,0.9946730180682009,0.9894024888866244,0.9924490213113917,0.9969070047999179
422,pexels-photo-756453_0,0.9874420166015625,0.9869222885200576,0.9741822145887741,0.9925846018618403,0.9813242113745348
423,pexels-photo-756565_0,0.9502143859863281,0.7987416534303823,0.6649207938586357,0.6845527595686192,0.9586526004071811
424,pexels-photo-757056_0,0.9871788024902344,0.9796632116514488,0.9601371065303508,0.9983843914952395,0.9616312082011808
425,pexels-photo-758855_0,0.9755744934082031,0.7566232087878673,0.6085228662264612,0.9558244502064727,0.6261323603422244
426,pexels-photo-758857_0,0.9696273803710938,0.9724183323518204,0.9463173224736374,0.9906408808582722,0.9548540717055582
427,pexels-photo-763219_0,0.9887847900390625,0.9917211549833578,0.9835782629823885,0.9939322443358206,0.9895198813189777
428,pexels-photo-764340_0,0.9912681579589844,0.9937970337409929,0.9876705466650149,0.9893865570249986,0.9982470084818658
429,pexels-photo-768108_0,0.9915351867675781,0.9839232023184206,0.9683551524485896,0.9729199203358503,0.9951782155000586
430,pexels-photo-769726_0,0.9806976318359375,0.9682376277399753,0.9384308381193419,0.9878700157548898,0.949370360796189
431,pexels-photo-769729_0,0.9948654174804688,0.9916648088974759,0.9834674200085979,0.9881645850817001,0.9951899174704186
432,pexels-photo-769731_0,0.9948387145996094,0.9951777599572307,0.9904018047160977,0.9949330824817206,0.9954225578062501
433,pexels-photo-769750_0,0.9908409118652344,0.9902667817951119,0.9807212082767924,0.9884836075524227,0.9920564011761075
434,pexels-photo-769773_0,0.9835624694824219,0.9823138521653114,0.9652424318198317,0.9951102684362838,0.9698423633342789
435,pexels-photo-769774_0,0.9956016540527344,0.9965613806966113,0.9931463285601346,0.9958812414689245,0.9972424495642832
436,pexels-photo-770136_0,0.9836463928222656,0.9543873088831435,0.9127541363941633,0.9324712046238929,0.9773584083331517
437,pexels-photo-770158_0,0.9484596252441406,0.9281471199817058,0.8659277194514458,0.9797675854712851,0.8816938123913834
438,pexels-photo-773327_0,0.9912300109863281,0.9052154195011338,0.8268434134217068,0.8480494399382,0.9706454465075155
439,pexels-photo-774557_0,0.9770126342773438,0.9859173362124973,0.9722258070463302,0.9730734632683659,0.9991048042173668
440,pexels-photo-775325_0,0.9816780090332031,0.982297590658966,0.9652110299070701,0.9664710873869496,0.9986510589187488
441,pexels-photo-775358_0,0.9752731323242188,0.9706404565630945,0.9429557075093944,0.9438611018128644,0.9989837587872233
442,pexels-photo-776216_0,0.9963493347167969,0.9939773821435988,0.9880268738505423,0.9942339166561752,0.9937209799801185
443,pexels-photo-776944_0,0.9798469543457031,0.9487897792813315,0.9025690205263449,0.9859580554828051,0.914322011732616
444,pexels-photo-777155_yBOc5wst95_0,0.992706298828125,0.9900742355811659,0.9803435761943436,0.9936541347115705,0.9865200388984295
445,pexels-photo-783344_0,0.994720458984375,0.9433251433251433,0.8927298093318865,0.9738733406611989,0.9146351147462877
446,pexels-photo-784028_0,0.9809722900390625,0.9858042188905205,0.972005836794253,0.9724315280008086,0.9995498355168234
447,pexels-photo-784155_0,0.994781494140625,0.969833289229955,0.9414333418957103,0.9851267807544127,0.9550073829583948
448,pexels-photo-784375_0,0.9826087951660156,0.9699490471890264,0.941651521744695,0.983044733044733,0.95719768425161
449,pexels-photo-786265_0,0.994598388671875,0.9665121558982119,0.9351945080091533,0.9770021515658618,0.9562450278440732
450,pexels-photo-787472_0,0.9898185729980469,0.9737259187068703,0.9487971453785059,0.9840622388475466,0.9636044812469556
451,pexels-photo-787581_0,0.9781074523925781,0.6655399498805292,0.49873351384400383,0.5169292051421329,0.9340749222967446
452,pexels-photo-788218_HmHgpPsHsX_0,0.936767578125,0.9248390314682144,0.8601865753470875,0.9834709149822558,0.8728047653281298
453,pexels-photo-788741_0,0.9922981262207031,0.9946901817015087,0.9894364539133256,0.9907946371033233,0.9986164797330123
454,pexels-photo-791085_0,0.9939537048339844,0.9504052066710473,0.9054972573336513,0.9809456142617233,0.9217090489773624
455,pexels-photo-792537_yBAzy3yZcW_0,0.9785804748535156,0.9739127202783883,0.9491519284233023,0.9799268878729233,0.9679719246398227
456,pexels-photo-792776_fHzosf2RPV_0,0.9921798706054688,0.9665797195956961,0.9353210285533996,0.9676208506054771,0.9655408266293196
457,pexels-photo-792906_G4bGW1y54r_0,0.9983787536621094,0.967041488949205,0.9361861861861862,0.9546776910120962,0.9797297297297297
458,pexels-photo-793253_0,0.9933319091796875,0.991977087884852,0.9840818854041453,0.9979775218640045,0.9860483790023086
459,pexels-photo-794432_0,0.9834365844726562,0.9855122755270235,0.9714383444501453,0.9861176957645283,0.9849075982206572
460,pexels-photo-795160_0,0.9961318969726562,0.973611617134232,0.948580121703854,0.9902069768672913,0.9575633478372153
461,pexels-photo-795771_0,0.9914932250976562,0.9919947732690043,0.9841166959878631,0.9940144315508521,0.989983305509182
462,pexels-photo-795825_NWYTnhd29j_0,0.9943428039550781,0.9885518870473442,0.9773629258761753,0.9827332166866194,0.9944398714026124
463,pexels-photo-796060_0,0.959075927734375,0.8886073846409436,0.7995440786277515,0.8125094941516026,0.9804325909632481
464,pexels-photo-797366_0,0.9926605224609375,0.9888048411497731,0.9778575703171754,0.9914932844790366,0.9861309378735652
465,pexels-photo-797408_0,0.7416534423828125,0.45032790078566337,0.29059560471791,0.29090032086907286,0.9964083040011493
466,pexels-photo-797770_0,0.995269775390625,0.9952915087676665,0.9906271495196414,0.9926755741380355,0.9979212670372345
467,pexels-photo-799965_0,0.9882240295410156,0.9892440148709246,0.9787169499120962,0.9907249087495725,0.9877675415402599
468,pexels-photo-800212_0,0.8746566772460938,0.6479826873218916,0.4792709984152139,0.9703211730355825,0.48640128669079213
469,pexels-photo-802457_0,0.9138565063476562,0.9539637042684792,0.9119795442674836,0.9188091750540945,0.9919153464276176
470,pexels-photo-802522_0,0.9839630126953125,0.9595574795574795,0.9222590010540526,0.9417462895124438,0.9780553812362723
471,pexels-photo-803968_cxuub1Q6aC_0,0.9972572326660156,0.9895520002325007,0.9793200644270593,0.9870133634808824,0.9921037296037296
472,pexels-photo-804430_0,0.9955101013183594,0.9901050029844723,0.9804039092286433,0.992901343854857,0.9873243687334429
473,pexels-photo-804607_0,0.9984054565429688,0.9822339340360422,0.9650881149252485,0.9893826526243685,0.9751877795594565
474,pexels-photo-805178_0,0.78741455078125,0.8810653918388254,0.78741455078125,0.78741455078125,1.0
475,pexels-photo-807843_0,0.9957923889160156,0.9912558169033067,0.9826632297004181,0.9955571833497882,0.9869914591983329
476,pexels-photo-808908_0,0.9886474609375,0.9795876373513313,0.9599919338576326,0.9692169876623641,0.990182619909314
477,pexels-photo-808964_0,0.8209953308105469,0.8523939391079781,0.7427583106745023,0.7501024193101921,0.9869898089264771
478,pexels-photo-811011_0,0.9948043823242188,0.9940958193892945,0.9882609482602588,0.9975466100588988,0.9906688209018412
479,pexels-photo-812745_0,0.9945564270019531,0.9935306038254215,0.987144375777013,0.9953762581301552,0.991691781379816
480,pexels-photo-813283_0,0.9742355346679688,0.9621743318622729,0.9271059306027737,0.9555066128296682,0.9689357622243528
481,pexels-photo-813544_0,0.9855728149414062,0.984986344004065,0.9704168394045822,0.9883291111004892,0.9816661127727927
482,pexels-photo-813940_q7nmAaYz0A_0,0.9920196533203125,0.9946116359814962,0.9892810296769963,0.9909362457786309,0.9983143917849867
483,pexels-photo-813961_0,0.8448829650878906,0.8183884841961403,0.6926036800169335,0.9698108414222354,0.7078652553503825
484,pexels-photo-818556_0,0.98321533203125,0.9719283918796493,0.9453897804420945,0.9608572798143149,0.9832576031393607
485,pexels-photo-819150_0,0.9931411743164062,0.980785671539711,0.9622958038878521,0.9903958216428541,0.9713602303035435
486,pexels-photo-819482_0,0.9957466125488281,0.99572814938834,0.9914926409436683,0.9935546023808978,0.997911227154047
487,pexels-photo-821382_0,0.98846435546875,0.9878044845942894,0.9759028463965831,0.979093881662576,0.9966714682161837
488,pexels-photo-821419_0,0.9931373596191406,0.994787365663836,0.9896287926392676,0.9929201901831265,0.9966615767808311
489,pexels-photo-824113_0,0.9799880981445312,0.9820262445609347,0.964687192880895,0.9671023774015265,0.9974179269642198
490,pexels-photo-825706_0,0.9966392517089844,0.9894945206949595,0.9792074768119704,0.9855106888361045,0.9935106917937789
491,pexels-photo-825860_wyhja5jIzr_0,0.9767990112304688,0.8560268913928605,0.748292844431569,0.959968144411999,0.772395232602845
492,pexels-photo-825996_0,0.9904060363769531,0.9927679801241664,0.9856398134032215,0.9960992048379093,0.9894589621749273
493,pexels-photo-833052_0,0.9697799682617188,0.93506983148646,0.87805741553144,0.9816213797731926,0.8927336181667371
494,pexels-photo-833169_0,0.9904289245605469,0.9811945824807561,0.9630833970925784,0.9787078156072908,0.9836940186354073
495,pexels-photo-833185_KHjpHKhX3f_0,0.9881439208984375,0.9809873371260781,0.9626841479667183,0.9845045000798104,0.9774952149901862
496,pexels-photo-835907_0,0.9885215759277344,0.9898081879981168,0.9798220261126721,0.9963178638155114,0.9833830249759393
497,pexels-photo-835942_0,0.9962196350097656,0.9947556425793136,0.9895660047589968,0.9918425495989869,0.9976858977761265
498,pexels-photo-835969_o4Lyl8nM5g_0,0.994964599609375,0.9902834008097166,0.9807538091419407,0.9838667212731103,0.9967843276725645
499,pexels-photo-835986_0,0.9829902648925781,0.9721115537848606,0.9457364341085271,0.9925539931287278,0.9524941782081138
500,pexels-photo-838574_0,0.995574951171875,0.9976669723737349,0.9953448054449724,0.9960723207042513,0.9992667381126967
501,pexels-photo-839604_0,0.9934349060058594,0.9953366120662791,0.9907165166169498,0.9952637967659427,0.9954094380219936
502,pexels-photo-840266_nUmtBFybka_0,0.9801521301269531,0.9580108624599518,0.9194058056321447,0.951567910734898,0.9645416578643743
503,pexels-photo-840667_0,0.9963226318359375,0.9631357552581262,0.9288928228959209,0.9888496270121712,0.9387253074916139
504,pexels-photo-848203_0,0.8903541564941406,0.8634673025493894,0.7597381971378895,0.7836339495102773,0.961411933951786
505,pexels-photo-848305_0,0.9741134643554688,0.97512518053122,0.9514578385647658,0.9781657461813956,0.9721034591126021
506,pexels-photo-848607_0,0.9643173217773438,0.9037594913266251,0.8244171640950557,0.8663747189016452,0.944516129032258
507,pexels-photo-848699_0,0.9790611267089844,0.956953408672057,0.9174598878212358,0.9686443234318193,0.9455413321761771
508,pexels-photo-852485_0,0.993743896484375,0.9894570374275171,0.9791340636411059,0.9917139175257732,0.9872104061369525
509,pexels-photo-852793_0,0.9517898559570312,0.954873955580947,0.9136447806271311,0.9310054309984682,0.979998534154207
510,pexels-photo-852854_0,0.9773750305175781,0.9505242873945794,0.9057134681419305,0.9175134873983413,0.9859991000657644
511,pexels-photo-852858_0,0.9923477172851562,0.9773497132017525,0.9557027713370874,0.9830774123205525,0.9716883700044904
512,pexels-photo-852943_0,0.9968414306640625,0.9703332139018273,0.9423759482218665,0.9506458859870823,0.990853212351822
513,pexels-photo-853169_0,0.9988937377929688,0.9966046130429692,0.9932322053675613,0.9977494373593399,0.9954624128736492
514,pexels-photo-855248_0,0.999114990234375,0.995282635217568,0.9906095685258641,0.9948780487804878,0.9956875508543531
515,pexels-photo-859194_0,0.9932365417480469,0.9868673476190123,0.9740751571867232,0.9969321480949388,0.9770037398254748
516,pexels-photo-859209_0,0.9764175415039062,0.9556597954411786,0.9150847504189445,0.9941206315098338,0.9200640813169816
517,pexels-photo-860481_0,0.9956817626953125,0.9569549015134231,0.9174626321545752,0.9656945510360706,0.9483720229122701
518,pexels-photo-860491_0,0.9927864074707031,0.7558424790187218,0.6075134910751349,0.8768723786698622,0.664170637621965
519,pexels-photo-860645_0,0.9944190979003906,0.995745274870366,0.9915266017213219,0.9957018390777856,0.9957887144527364
520,pexels-photo-863075_0,0.966339111328125,0.9798975742222384,0.9605874365754306,0.9608663988955559,0.9996978557051815
521,pexels-photo-864078_0,0.9705772399902344,0.9777081569128412,0.9563884946595272,0.9892561161766512,0.9664266940921038
522,pexels-photo-866019_0,0.9782981872558594,0.9848320433415897,0.9701173454916009,0.9897588424437299,0.9799540503111951
523,pexels-photo-866821_0,0.99432373046875,0.9875786767283837,0.975462146072789,0.9916846887625945,0.9835065258957519
524,pexels-photo-867852_0,0.998748779296875,0.9941501694310683,0.9883683818575126,0.9902998862990335,0.9980305092028934
525,pexels-photo-868866_0,0.9916305541992188,0.9846364998669523,0.9697379310344828,0.9776671487373456,0.9917059271588569
526,pexels-photo-873513_0,0.9959678649902344,0.9946476405564023,0.9893522715825527,0.9973698107076123,0.991940289462787
527,pexels-photo-874283_0,0.9347152709960938,0.7771150239633258,0.6354767939679227,0.6993506950141816,0.8743369574773613
528,pexels-photo-875722_0,0.9927406311035156,0.9900064593037606,0.9802106839428887,0.9887343445150734,0.9912818517388973
529,pexels-photo-878119_0,0.9852104187011719,0.9647855981543548,0.9319669398283819,0.9455393544481832,0.9848316273549919
530,pexels-photo-879471_0,0.9253807067871094,0.9253832685492822,0.8611286624022946,0.9287311261523383,0.9220594607332628
531,pexels-photo-879651_0,0.9901351928710938,0.9871348404043621,0.9745965008792008,0.9914160087938443,0.9828904872297847
532,pexels-photo-880470_0,0.9879302978515625,0.963204168023445,0.9290201005025126,0.9584558057722128,0.9679998130010986
533,pexels-photo-881638_0,0.9969024658203125,0.9939287903937314,0.9879308550959438,0.9902564026161708,0.9976285178236398
534,pexels-photo-883090_0,0.9781494140625,0.9306100692930174,0.8702252027731207,0.8866983701925296,0.9790976293652817
535,pexels-photo-884417_0,0.9934349060058594,0.9960312610258764,0.9920938993017273,0.9948589197282045,0.9972063685561774
536,pexels-photo-884421_0,0.9966621398925781,0.9924182689391643,0.9849506380929448,0.9888111888111888,0.9960517619229833
537,pexels-photo-9058_0,0.9601364135742188,0.7892125221881556,0.6518175457301836,0.9846982433180651,0.6584873270726043
538,pexels-photo-91626_0,0.9955978393554688,0.97540808933214,0.9519966722129783,0.9592589487802834,0.9921102826426218
539,pexels-photo-91950_0,0.9881782531738281,0.9875847812413616,0.975474057425053,0.9824484492941917,0.9927751018895887
540,pexels-photo-93140_0,0.9973869323730469,0.9959432168809557,0.991919215751041,0.9942180128409777,0.9976744186046511
541,photographer-ocean-woman-with-camera-center-591670_0,0.9546928405761719,0.9205844003878172,0.8528544526487933,0.9631738747184173,0.8816018646585728
542,plank-fitness-muscular-exercising-163437_0,0.9918365478515625,0.9852216068394956,0.9708736542675541,0.9739490176267391,0.9967581918535597
543,portrait-child-hands-57449_0,0.994842529296875,0.9969430576658708,0.9939047481651128,0.9945683557095424,0.9993291267769074
544,portrait-of-a-girl-girl-hair-makeup-159072_0,0.9952430725097656,0.9908177165789184,0.9818025275078073,0.9828926223520819,0.9988716502115655
545,portrait-studio-female-underwear-104840_0,0.978668212890625,0.970477678759978,0.9426485067279291,0.9438682248557169,0.9986310002390317
546,portrait-sunset-beauty-young-women_0,0.9802474975585938,0.9823578714966168,0.9653274407392527,0.9903753014158818,0.9744692069028451
547,pylon-flight-girl-model-163497_0,0.96990966796875,0.9699449804154665,0.9416438558851816,0.9708845986620798,0.9690071791279986
548,review-viewing-platform-view-sky-160407_0,0.9903488159179688,0.9868186601923539,0.9739802949585535,0.9882603387283599,0.9853811817831837
549,sammy,0.4979896545410156,0.46763943219835025,0.3051758457014029,0.3430063497715269,0.7345372288375758
550,smile-color-laugh-black-157907_0,0.9893417358398438,0.9941973242063377,0.9884616019954738,0.9899538015493231,0.9984773839370262
551,soccer-football-soccer-player-goal-keeper-159636_0,0.9776191711425781,0.9726993108518727,0.9468496625447298,0.9509589838774247,0.9954569265203105
552,softball-player-female-youth-163375_0,0.98931884765625,0.9929824561403509,0.9860627177700348,0.9879510861976102,0.9980653352411277
553,soldier-military-uniform-american_0,0.9811477661132812,0.9789115239859012,0.958694125906857,0.9855817150713181,0.9723310106301816
554,sunglasses-white-dress-fashion-model-157887_0,0.9758949279785156,0.982227084921289,0.965074890841762,0.981622442095795,0.9828324730807549
555,tea-summer-pretty-young-woman-vintage-37832_0,0.8935165405273438,0.8133292317569014,0.6853874330797408,0.723682018326788,0.9283271761365371
556,tourist-girl-backpack-vacation-163259_0,0.9903030395507812,0.9941264273798136,0.9883214495736548,0.988948447541903,0.9993589148007062
557,tulips-yellow-blonde-pretty-young-woman-37606_0,0.9858169555664062,0.9886672600251162,0.9775885037101334,0.9804133745216692,0.9970613007740214
558,vintage-woman-on-bed-retro-bedroom-37738_0,0.93359375,0.8733926805143424,0.7752414398595259,0.9739655144446787,0.7916463406594856
559,water-splashing-childhood-child-160976_0,0.9884757995605469,0.98024392636432,0.9612533347014159,0.9784586863715289,0.9820356927592442
560,wedding-dresses-character-fashion-individuality-157997_0,0.9008865356445312,0.9190662496729257,0.850252154116596,0.9573571975547394,0.8837205122982735
561,wildernessculture-rei1440project-welltravelled-awesomeearth_0,0.9975814819335938,0.9466509592729719,0.8987058635564786,0.9176182707993474,0.9775808133472367
562,woman-poses-e-learning-female-159750_0,0.9880485534667969,0.9913036237214273,0.9827571973428583,0.9968458837387164,0.985822650634337
563,woman-pregnant-pier-belly-54634_0,0.9972114562988281,0.9974364099920391,0.9948859303619026,0.997397933777064,0.9974748891756916
564,women-modeling-style-skin_0,0.9811248779296875,0.9363240933776026,0.8802719771577903,0.8884628535143848,0.9896354733405875
565,women-sexy-outdoors-girl-48843_0,0.9928092956542969,0.9925199896827445,0.9851510496671787,0.990998129893182,0.9940465308523238
566,young-girl-ballerina-dance-591679_0,0.9945030212402344,0.9888184491708891,0.9778841874242215,0.9813785136696188,0.9963720522924876
567,young-woman-pretty-shooting-157717_0,0.9682807922363281,0.9735510323526698,0.9484651093605707,0.9634773630165016,0.9838375785941137
